<component name="ProjectRunConfigurationManager">
  <configuration default="false" name="CommentApplication1" type="SpringBootApplicationConfigurationType" factoryName="Spring Boot" folderName="tasks-shop">
    <module name="dubbo-samples-shop-comment-v1" />
    <selectedOptions>
      <option name="environmentVariables" />
    </selectedOptions>
    <option name="SPRING_BOOT_MAIN_CLASS" value="org.apache.dubbo.samples.comment.CommentApplication" />
    <option name="VM_PARAMETERS" value="-Ddubbo.labels=&quot;commentVersion=v1;region=beijing&quot;" />
    <method v="2">
      <option name="Make" enabled="true" />
    </method>
  </configuration>
</component>