<component name="ProjectRunConfigurationManager">
  <configuration default="false" name="DetailApplicationGray" type="SpringBootApplicationConfigurationType" factoryName="Spring Boot" folderName="tasks-shop">
    <module name="dubbo-samples-shop-detail-gray" />
    <option name="SPRING_BOOT_MAIN_CLASS" value="org.apache.dubbo.samples.detail.DetailApplicationGray" />
    <option name="VM_PARAMETERS" value="-Ddubbo.labels=&quot;env=gray&quot;" />
    <method v="2">
      <option name="Make" enabled="true" />
    </method>
  </configuration>
</component>