<component name="ProjectRunConfigurationManager">
  <configuration default="false" name="DetailApplication1" type="SpringBootApplicationConfigurationType" factoryName="Spring Boot" folderName="tasks-shop">
    <module name="dubbo-samples-shop-detail-v1" />
    <selectedOptions>
      <option name="environmentVariables" />
    </selectedOptions>
    <option name="SPRING_BOOT_MAIN_CLASS" value="org.apache.dubbo.samples.detail.DetailApplication" />
    <option name="VM_PARAMETERS" value="-Ddubbo.labels=&quot;detailVersion=v1;region=beijing&quot;" />
    <extension name="coverage">
      <pattern>
        <option name="PATTERN" value="org.apache.dubbo.samples.detail.*" />
        <option name="ENABLED" value="true" />
      </pattern>
    </extension>
    <method v="2">
      <option name="Make" enabled="true" />
    </method>
  </configuration>
</component>