{
  "resources": {
    "includes": [
      {
        "condition": {
          "typeReachable": "com.alibaba.nacos.client.config.filter.impl.ConfigFilterChainManager"
        },
        "pattern": "\\QMETA-INF/services/com.alibaba.nacos.api.config.filter.IConfigFilter\\E"
      },
      {
        "condition": {
          "typeReachable": "com.alibaba.nacos.common.remote.PayloadRegistry"
        },
        "pattern": "\\QMETA-INF/services/com.alibaba.nacos.api.remote.Payload\\E"
      },
      {
        "condition": {
          "typeReachable": "com.alibaba.nacos.client.utils.LogUtils"
        },
        "pattern": "\\QMETA-INF/services/com.alibaba.nacos.common.log.NacosLogbackConfigurator\\E"
      },
      {
        "condition": {
          "typeReachable": "com.alibaba.nacos.plugin.auth.spi.client.ClientAuthPluginManager"
        },
        "pattern": "\\QMETA-INF/services/com.alibaba.nacos.plugin.auth.spi.client.AbstractClientAuthService\\E"
      },
      {
        "condition": {
          "typeReachable": "com.alibaba.nacos.shaded.io.grpc.LoadBalancerRegistry"
        },
        "pattern": "\\QMETA-INF/services/com.alibaba.nacos.shaded.io.grpc.LoadBalancerProvider\\E"
      },
      {
        "condition": {
          "typeReachable": "com.alibaba.nacos.shaded.io.grpc.ManagedChannelRegistry"
        },
        "pattern": "\\QMETA-INF/services/com.alibaba.nacos.shaded.io.grpc.ManagedChannelProvider\\E"
      },
      {
        "condition": {
          "typeReachable": "com.alibaba.nacos.shaded.io.grpc.NameResolverRegistry"
        },
        "pattern": "\\QMETA-INF/services/com.alibaba.nacos.shaded.io.grpc.NameResolverProvider\\E"
      },
      {
        "condition": {
          "typeReachable": "com.alibaba.nacos.common.utils.VersionUtils"
        },
        "pattern": "\\Qnacos-version.txt\\E"
      },
      {
        "condition": {
          "typeReachable": "com.alibaba.nacos.common.utils.ResourceUtils"
        },
        "pattern": "\\Qnacos_default_setting.properties\\E"
      }
    ]
  },
  "bundles": []
}
